date,channel,sender,message,sentiment
11/8/2023,Twitter,dave@example,Fun weekend!,0.824099663
11/8/2023,Email,@bob_tweets,Hello everyone!,0.662486946
11/8/2023,Slack,@frank_chat,Hello everyone!,-0.143450806
18/8/2023,Email,@frank_chat,Fun weekend!,0.380196611
14/8/2023,Slack,@frank_chat,Need assistance,0.187954018
4/8/2023,Email,@erin_tweets,Need assistance,-0.108376242
10/8/2023,Twitter,@frank_chat,Hello everyone!,-0.740855453
4/8/2023,Slack,alice@example,Hello everyone!,-0.187917918
20/8/2023,Email,dave@example,Team meeting,0.617879979
9/8/2023,Slack,@erin_tweets,Hello everyone!,-0.932525445
6/8/2023,Email,@frank_chat,Team meeting,0.819675826
16/8/2023,Twitter,@erin_tweets,Great work!,0.150156671
1/8/2023,Twitter,alice@example,Need assistance,0.676776995
16/8/2023,Slack,alice@example,Exciting news!,0.320830711
16/8/2023,Twitter,alice@example,Exciting news!,0.927110374
7/8/2023,Email,@bob_tweets,Great work!,0.642848774
1/8/2023,Twitter,@bob_tweets,Need assistance,0.148395223
20/8/2023,Email,carol_slack,Team meeting,0.909817838
8/8/2023,Slack,@erin_tweets,Need assistance,-0.879413284
6/8/2023,Slack,dave@example,Hello everyone!,0.968081689
11/8/2023,Twitter,@bob_tweets,Great work!,-0.751736611
12/8/2023,Twitter,dave@example,Team meeting,-0.786887704
12/8/2023,Slack,@frank_chat,Fun weekend!,0.519153008
11/8/2023,Email,@frank_chat,Fun weekend!,0.874191639
4/8/2023,Email,@bob_tweets,Fun weekend!,-0.539049788
13/8/2023,Email,alice@example,Hello everyone!,0.433930994
16/8/2023,Twitter,@bob_tweets,Exciting news!,-0.141741692
9/8/2023,Twitter,alice@example,Need assistance,0.083300223
14/8/2023,Twitter,dave@example,Great work!,0.866824818
17/8/2023,Twitter,alice@example,Team meeting,-0.189370414
17/8/2023,Twitter,@bob_tweets,Need assistance,-0.493062959
15/8/2023,Email,@bob_tweets,Great work!,0.468266435
1/8/2023,Twitter,@frank_chat,Need assistance,0.599045397
16/8/2023,Twitter,alice@example,Great work!,-0.179680133
10/8/2023,Twitter,@erin_tweets,Great work!,0.199771451
7/8/2023,Email,dave@example,Team meeting,0.327507946
2/8/2023,Email,dave@example,Great work!,0.973676749
13/8/2023,Email,@bob_tweets,Team meeting,-0.092784007
11/8/2023,Slack,@bob_tweets,Team meeting,-0.955364774
5/8/2023,Email,carol_slack,Exciting news!,0.468174768
19/8/2023,Twitter,@frank_chat,Need assistance,0.481529109
10/8/2023,Slack,@erin_tweets,Need assistance,-0.766245456
11/8/2023,Email,carol_slack,Need assistance,-0.547700667
6/8/2023,Twitter,@erin_tweets,Exciting news!,-0.415566467
6/8/2023,Email,carol_slack,Great work!,-0.579760317
18/8/2023,Email,alice@example,Fun weekend!,0.233402089
7/8/2023,Email,@frank_chat,Fun weekend!,0.387379609
20/8/2023,Email,alice@example,Great work!,0.06297713
16/8/2023,Slack,@erin_tweets,Exciting news!,-0.290788232
2/8/2023,Twitter,alice@example,Team meeting,0.210089974
12/8/2023,Email,dave@example,Need assistance,0.091942075
10/8/2023,Twitter,@erin_tweets,Need assistance,-0.340010146
13/8/2023,Slack,carol_slack,Hello everyone!,0.675182751
13/8/2023,Slack,@bob_tweets,Great work!,-0.443448592
16/8/2023,Slack,@bob_tweets,Team meeting,-0.774452816
13/8/2023,Slack,alice@example,Great work!,0.480868685
7/8/2023,Slack,@frank_chat,Need assistance,0.914976185
13/8/2023,Twitter,dave@example,Fun weekend!,0.986894567
6/8/2023,Twitter,alice@example,Hello everyone!,-0.882707532
15/8/2023,Slack,@erin_tweets,Hello everyone!,-0.689319659
17/8/2023,Email,@frank_chat,Team meeting,0.93278983
12/8/2023,Slack,@frank_chat,Hello everyone!,-0.219064676
18/8/2023,Twitter,@frank_chat,Team meeting,-0.004460444
20/8/2023,Twitter,alice@example,Hello everyone!,0.482187657
14/8/2023,Twitter,@frank_chat,Team meeting,-0.93561058
3/8/2023,Email,@erin_tweets,Fun weekend!,0.924321534
6/8/2023,Slack,@bob_tweets,Hello everyone!,-0.452905738
14/8/2023,Twitter,alice@example,Exciting news!,0.415267176
16/8/2023,Email,@frank_chat,Hello everyone!,0.997601895
13/8/2023,Twitter,alice@example,Need assistance,0.119616441
13/8/2023,Email,dave@example,Need assistance,-0.834047724
5/8/2023,Slack,@erin_tweets,Need assistance,-0.195926677
12/8/2023,Slack,dave@example,Fun weekend!,-0.285561244
16/8/2023,Slack,carol_slack,Hello everyone!,0.52912731
10/8/2023,Email,@bob_tweets,Team meeting,-0.060755176
12/8/2023,Twitter,carol_slack,Great work!,0.407506729
18/8/2023,Email,@frank_chat,Fun weekend!,-0.569811309
17/8/2023,Email,@bob_tweets,Fun weekend!,0.825692308
9/8/2023,Email,@erin_tweets,Exciting news!,-0.018193701
10/8/2023,Email,@bob_tweets,Great work!,0.924440826
4/8/2023,Twitter,@bob_tweets,Fun weekend!,0.185009266
19/8/2023,Email,dave@example,Exciting news!,0.821827833
4/8/2023,Slack,alice@example,Need assistance,0.534302738
17/8/2023,Slack,alice@example,Exciting news!,-0.30164105
15/8/2023,Twitter,@erin_tweets,Great work!,-0.244326655
15/8/2023,Twitter,carol_slack,Hello everyone!,-0.761104998
3/8/2023,Twitter,@bob_tweets,Exciting news!,-0.408464086
16/8/2023,Email,@frank_chat,Fun weekend!,-0.584208118
4/8/2023,Slack,@bob_tweets,Fun weekend!,0.866016825
15/8/2023,Twitter,alice@example,Team meeting,-0.178657859
7/8/2023,Email,alice@example,Great work!,-0.329095908
15/8/2023,Twitter,alice@example,Fun weekend!,-0.707901944
20/8/2023,Email,alice@example,Hello everyone!,-0.166448134
19/8/2023,Email,dave@example,Exciting news!,-0.533024813
7/8/2023,Slack,@bob_tweets,Need assistance,-0.356371285
17/8/2023,Email,@bob_tweets,Team meeting,-0.46776893
9/8/2023,Twitter,carol_slack,Fun weekend!,-0.056202481
19/8/2023,Email,@erin_tweets,Team meeting,-0.757670477
16/8/2023,Twitter,@erin_tweets,Exciting news!,-0.265161676
1/8/2023,Twitter,@frank_chat,Exciting news!,-0.822780307
10/8/2023,Email,@frank_chat,Hello everyone!,0.535708998
17/8/2023,Twitter,@bob_tweets,Exciting news!,0.953910344
14/8/2023,Email,@erin_tweets,Great work!,0.891589128
8/8/2023,Email,@bob_tweets,Need assistance,0.115187556
3/8/2023,Twitter,@erin_tweets,Need assistance,-0.680233249
14/8/2023,Twitter,@erin_tweets,Hello everyone!,-0.647561021
20/8/2023,Email,@bob_tweets,Exciting news!,0.931368547
13/8/2023,Twitter,@bob_tweets,Great work!,-0.70562646
6/8/2023,Slack,@frank_chat,Hello everyone!,-0.050532605
20/8/2023,Slack,alice@example,Great work!,-0.459148118
20/8/2023,Slack,dave@example,Exciting news!,0.61773499
11/8/2023,Email,alice@example,Fun weekend!,-0.034278538
9/8/2023,Twitter,alice@example,Great work!,-0.013945965
10/8/2023,Slack,dave@example,Team meeting,-0.934943126
16/8/2023,Slack,alice@example,Need assistance,0.669039086
2/8/2023,Slack,@erin_tweets,Fun weekend!,-0.474169046
14/8/2023,Email,@bob_tweets,Team meeting,-0.815906889
7/8/2023,Slack,@frank_chat,Exciting news!,0.993148146
4/8/2023,Email,alice@example,Exciting news!,-0.200843529
13/8/2023,Twitter,alice@example,Fun weekend!,-0.958858334
8/8/2023,Email,carol_slack,Team meeting,0.213498762
18/8/2023,Slack,@bob_tweets,Fun weekend!,-0.55830257
12/8/2023,Twitter,carol_slack,Need assistance,-0.435741366
18/8/2023,Email,dave@example,Need assistance,-0.770186925
11/8/2023,Slack,@frank_chat,Exciting news!,-0.871460078
18/8/2023,Twitter,@bob_tweets,Need assistance,0.083397951
11/8/2023,Slack,dave@example,Hello everyone!,-0.84395497
15/8/2023,Email,@erin_tweets,Fun weekend!,-0.576360519
9/8/2023,Twitter,alice@example,Great work!,0.432502551
11/8/2023,Twitter,@erin_tweets,Need assistance,-0.462980804
15/8/2023,Email,carol_slack,Exciting news!,-0.745493084
15/8/2023,Twitter,dave@example,Fun weekend!,0.469535301
2/8/2023,Twitter,@erin_tweets,Exciting news!,0.750492542
16/8/2023,Email,alice@example,Team meeting,0.858062949
7/8/2023,Email,alice@example,Exciting news!,0.773558143
19/8/2023,Email,alice@example,Exciting news!,0.401543677
17/8/2023,Twitter,@frank_chat,Hello everyone!,0.951721462
20/8/2023,Twitter,alice@example,Exciting news!,0.310656996
20/8/2023,Twitter,carol_slack,Great work!,0.544291852
10/8/2023,Slack,@bob_tweets,Hello everyone!,-0.075317414
4/8/2023,Email,@erin_tweets,Need assistance,0.689327837
15/8/2023,Twitter,@bob_tweets,Team meeting,0.853966497
10/8/2023,Email,alice@example,Need assistance,-0.815106571
3/8/2023,Twitter,alice@example,Hello everyone!,0.530733542
19/8/2023,Slack,dave@example,Great work!,-0.526421044
12/8/2023,Twitter,dave@example,Hello everyone!,0.278570379
1/8/2023,Slack,@frank_chat,Team meeting,-0.202094683
11/8/2023,Email,dave@example,Great work!,0.509797142
17/8/2023,Twitter,carol_slack,Fun weekend!,0.172285239
1/8/2023,Slack,@bob_tweets,Exciting news!,0.146396939
7/8/2023,Twitter,@bob_tweets,Fun weekend!,-0.390309056
20/8/2023,Slack,@bob_tweets,Great work!,0.203791809
12/8/2023,Slack,carol_slack,Great work!,-0.733910211
17/8/2023,Email,@erin_tweets,Great work!,0.709753431
10/8/2023,Twitter,@erin_tweets,Fun weekend!,-0.496555788
14/8/2023,Twitter,alice@example,Hello everyone!,-0.892831107
11/8/2023,Slack,@frank_chat,Hello everyone!,-0.108963726
11/8/2023,Slack,alice@example,Fun weekend!,-0.799520459
3/8/2023,Twitter,carol_slack,Exciting news!,0.044649603
18/8/2023,Email,@bob_tweets,Fun weekend!,-0.558283084
12/8/2023,Twitter,@bob_tweets,Exciting news!,-0.60855457
17/8/2023,Email,dave@example,Fun weekend!,0.420022254
16/8/2023,Slack,alice@example,Need assistance,0.445466304
1/8/2023,Slack,@erin_tweets,Great work!,0.244422906
1/8/2023,Twitter,@frank_chat,Team meeting,-0.526283488
4/8/2023,Twitter,dave@example,Need assistance,-0.635092593
7/8/2023,Email,@erin_tweets,Great work!,-0.446627778
6/8/2023,Twitter,@bob_tweets,Fun weekend!,-0.149422837
15/8/2023,Slack,alice@example,Fun weekend!,0.271711212
13/8/2023,Twitter,alice@example,Hello everyone!,0.752351641
5/8/2023,Twitter,alice@example,Great work!,-0.630844017
10/8/2023,Slack,@frank_chat,Hello everyone!,0.142070077
16/8/2023,Twitter,@bob_tweets,Fun weekend!,-0.53352275
6/8/2023,Email,@bob_tweets,Fun weekend!,0.201027735
13/8/2023,Slack,@frank_chat,Exciting news!,0.443950114
1/8/2023,Twitter,@frank_chat,Exciting news!,-0.398672424
7/8/2023,Slack,alice@example,Exciting news!,-0.686074989
13/8/2023,Slack,@erin_tweets,Need assistance,-0.514785561
18/8/2023,Twitter,@frank_chat,Exciting news!,-0.445320373
14/8/2023,Twitter,alice@example,Great work!,0.346799491
6/8/2023,Twitter,dave@example,Exciting news!,-0.433124611
13/8/2023,Twitter,@frank_chat,Hello everyone!,-0.369747002
7/8/2023,Email,alice@example,Hello everyone!,0.917979236
14/8/2023,Twitter,@frank_chat,Great work!,-0.912142744
9/8/2023,Email,@erin_tweets,Exciting news!,0.020394353
15/8/2023,Slack,carol_slack,Fun weekend!,-0.760701751
9/8/2023,Slack,@bob_tweets,Team meeting,0.500293179
3/8/2023,Twitter,@bob_tweets,Hello everyone!,-0.243440011
16/8/2023,Slack,@bob_tweets,Team meeting,0.120248223
6/8/2023,Email,@bob_tweets,Fun weekend!,-0.15957365
7/8/2023,Email,carol_slack,Exciting news!,0.785684678
12/8/2023,Email,@erin_tweets,Exciting news!,-0.260005387
13/8/2023,Slack,carol_slack,Exciting news!,0.474910577
1/8/2023,Slack,@frank_chat,Need assistance,0.601800072
7/8/2023,Slack,alice@example,Need assistance,0.877496709
10/8/2023,Slack,alice@example,Need assistance,-0.356432681
18/8/2023,Twitter,dave@example,Need assistance,-0.577738499
7/8/2023,Email,@bob_tweets,Team meeting,-0.767587414
12/8/2023,Slack,alice@example,Fun weekend!,0.226010282
14/8/2023,Slack,@erin_tweets,Hello everyone!,0.98783227
6/8/2023,Slack,@frank_chat,Need assistance,0.746888391
14/8/2023,Twitter,alice@example,Team meeting,0.024089097
7/8/2023,Twitter,dave@example,Team meeting,-0.014527882
2/8/2023,Slack,@erin_tweets,Exciting news!,0.900116188
9/8/2023,Twitter,alice@example,Fun weekend!,-0.391704335
7/8/2023,Slack,@erin_tweets,Hello everyone!,0.079340591
16/8/2023,Email,carol_slack,Great work!,0.306993762
10/8/2023,Email,@frank_chat,Need assistance,-0.857863282
9/8/2023,Slack,@erin_tweets,Fun weekend!,0.542777083
3/8/2023,Email,dave@example,Hello everyone!,0.575844854
3/8/2023,Twitter,dave@example,Team meeting,-0.02420767
5/8/2023,Twitter,@bob_tweets,Need assistance,0.089429019
19/8/2023,Slack,@bob_tweets,Hello everyone!,0.679174718
3/8/2023,Email,@erin_tweets,Team meeting,0.100578078
4/8/2023,Slack,@frank_chat,Need assistance,0.691338675
7/8/2023,Slack,@bob_tweets,Need assistance,-0.611560303
11/8/2023,Slack,@bob_tweets,Need assistance,-0.542398809
5/8/2023,Slack,@bob_tweets,Hello everyone!,-0.940684421
20/8/2023,Slack,alice@example,Exciting news!,0.685212519
14/8/2023,Email,@erin_tweets,Need assistance,0.867801995
20/8/2023,Twitter,@erin_tweets,Great work!,-0.404516522
20/8/2023,Slack,dave@example,Exciting news!,-0.476039052
16/8/2023,Twitter,dave@example,Great work!,0.827052074
16/8/2023,Email,carol_slack,Great work!,-0.045373839
11/8/2023,Slack,carol_slack,Exciting news!,0.062969209
12/8/2023,Email,@bob_tweets,Need assistance,-0.042491458
18/8/2023,Email,alice@example,Hello everyone!,-0.024430894
3/8/2023,Twitter,@bob_tweets,Need assistance,0.115823371
20/8/2023,Email,@bob_tweets,Need assistance,-0.299717092
19/8/2023,Slack,@bob_tweets,Hello everyone!,-0.558468956
19/8/2023,Twitter,@bob_tweets,Great work!,0.521462946
5/8/2023,Slack,@bob_tweets,Team meeting,-0.386754569
8/8/2023,Twitter,@frank_chat,Hello everyone!,-0.081353148
16/8/2023,Twitter,dave@example,Need assistance,-0.194268964
7/8/2023,Slack,carol_slack,Hello everyone!,0.973429719
3/8/2023,Twitter,carol_slack,Great work!,0.646422371
11/8/2023,Email,dave@example,Team meeting,0.146319367
1/8/2023,Slack,carol_slack,Hello everyone!,0.802523659
8/8/2023,Email,carol_slack,Fun weekend!,0.670605208
16/8/2023,Email,@frank_chat,Exciting news!,0.305391626
6/8/2023,Slack,@bob_tweets,Fun weekend!,-0.927836751
14/8/2023,Slack,@erin_tweets,Great work!,-0.518683678
5/8/2023,Email,@erin_tweets,Exciting news!,0.549038415
13/8/2023,Email,carol_slack,Exciting news!,0.991050147
18/8/2023,Email,@erin_tweets,Need assistance,-0.240649289
20/8/2023,Twitter,@erin_tweets,Great work!,-0.743658878
11/8/2023,Twitter,@frank_chat,Team meeting,0.629940747
18/8/2023,Email,carol_slack,Team meeting,0.343653605
1/8/2023,Slack,dave@example,Team meeting,-0.176315426
5/8/2023,Slack,carol_slack,Team meeting,-0.320228465
8/8/2023,Email,dave@example,Need assistance,0.08477834
19/8/2023,Email,dave@example,Exciting news!,0.324592507
15/8/2023,Slack,@frank_chat,Exciting news!,-0.582243779
18/8/2023,Email,@bob_tweets,Exciting news!,0.497974098
14/8/2023,Slack,@frank_chat,Need assistance,-0.384110797
10/8/2023,Slack,alice@example,Great work!,0.804542714
10/8/2023,Slack,@erin_tweets,Team meeting,0.862134462
11/8/2023,Twitter,dave@example,Exciting news!,0.018387399
15/8/2023,Email,carol_slack,Need assistance,0.414960733
20/8/2023,Twitter,@frank_chat,Team meeting,0.65977343
12/8/2023,Twitter,alice@example,Hello everyone!,0.532433989
20/8/2023,Slack,alice@example,Exciting news!,-0.415822029
18/8/2023,Twitter,@frank_chat,Exciting news!,0.784590872
14/8/2023,Twitter,@bob_tweets,Great work!,-0.970631612
2/8/2023,Twitter,dave@example,Exciting news!,0.817105632
19/8/2023,Email,@erin_tweets,Team meeting,-0.823923888
2/8/2023,Twitter,@erin_tweets,Exciting news!,0.581556937
5/8/2023,Twitter,carol_slack,Fun weekend!,0.706561523
12/8/2023,Slack,@frank_chat,Need assistance,-0.611636332
8/8/2023,Slack,carol_slack,Exciting news!,-0.388513986
19/8/2023,Slack,@erin_tweets,Great work!,0.037533612
1/8/2023,Email,carol_slack,Fun weekend!,0.757286296
4/8/2023,Slack,carol_slack,Fun weekend!,-0.04939499
3/8/2023,Twitter,carol_slack,Great work!,0.049291416
16/8/2023,Slack,@frank_chat,Team meeting,-0.143542713
6/8/2023,Twitter,carol_slack,Team meeting,-0.385177557
6/8/2023,Email,dave@example,Need assistance,-0.438415068
6/8/2023,Twitter,@bob_tweets,Team meeting,-0.549432104
14/8/2023,Email,carol_slack,Fun weekend!,0.446355308
4/8/2023,Email,alice@example,Great work!,-0.769964864
5/8/2023,Slack,@erin_tweets,Need assistance,0.519475343
6/8/2023,Slack,alice@example,Fun weekend!,-0.103599444
4/8/2023,Email,@frank_chat,Need assistance,0.063336529
15/8/2023,Slack,@bob_tweets,Exciting news!,0.423514269
16/8/2023,Slack,carol_slack,Hello everyone!,-0.321912185
3/8/2023,Slack,alice@example,Great work!,-0.150377708
18/8/2023,Slack,@erin_tweets,Team meeting,0.353438236
3/8/2023,Twitter,dave@example,Hello everyone!,0.902683333
20/8/2023,Twitter,alice@example,Fun weekend!,0.280627117
15/8/2023,Twitter,@frank_chat,Need assistance,-0.63942584
5/8/2023,Twitter,alice@example,Team meeting,0.82494856
9/8/2023,Slack,@erin_tweets,Team meeting,0.268132484
4/8/2023,Email,@bob_tweets,Need assistance,0.017915569
18/8/2023,Twitter,carol_slack,Exciting news!,0.222249684
20/8/2023,Email,@bob_tweets,Team meeting,-0.801527123
12/8/2023,Twitter,dave@example,Great work!,0.19530303
14/8/2023,Twitter,dave@example,Fun weekend!,0.47456435
20/8/2023,Slack,@erin_tweets,Team meeting,-0.134665603
20/8/2023,Email,carol_slack,Team meeting,0.07800751
2/8/2023,Twitter,@erin_tweets,Exciting news!,-0.525143623
9/8/2023,Slack,alice@example,Need assistance,0.665302936
17/8/2023,Twitter,@erin_tweets,Fun weekend!,-0.417790642
8/8/2023,Slack,@erin_tweets,Great work!,-0.410223121
5/8/2023,Slack,@erin_tweets,Exciting news!,-0.302134784
19/8/2023,Email,dave@example,Team meeting,0.087382621
19/8/2023,Slack,alice@example,Team meeting,-0.249497572
3/8/2023,Slack,dave@example,Great work!,-0.488912587
15/8/2023,Slack,@bob_tweets,Team meeting,-0.271451744
10/8/2023,Twitter,@erin_tweets,Team meeting,0.384202328
6/8/2023,Email,carol_slack,Great work!,0.766328182
8/8/2023,Email,alice@example,Exciting news!,-0.007040349
7/8/2023,Slack,@bob_tweets,Exciting news!,0.370947586
3/8/2023,Twitter,alice@example,Hello everyone!,-0.893453151
1/8/2023,Email,@frank_chat,Team meeting,-0.670432338
18/8/2023,Email,alice@example,Exciting news!,0.42291235
3/8/2023,Email,@frank_chat,Need assistance,-0.345415825
4/8/2023,Slack,dave@example,Fun weekend!,-0.848228461
15/8/2023,Email,@frank_chat,Need assistance,0.385732211
6/8/2023,Slack,alice@example,Fun weekend!,-0.14345662
11/8/2023,Slack,dave@example,Hello everyone!,0.879992486
5/8/2023,Twitter,carol_slack,Team meeting,0.364639959
20/8/2023,Slack,dave@example,Great work!,0.81490084
20/8/2023,Email,@erin_tweets,Exciting news!,-0.195798854
9/8/2023,Slack,dave@example,Fun weekend!,-0.358376735
13/8/2023,Email,carol_slack,Exciting news!,-0.930242309
20/8/2023,Slack,@erin_tweets,Fun weekend!,0.604609676
15/8/2023,Email,@erin_tweets,Hello everyone!,-0.598425182
16/8/2023,Slack,dave@example,Exciting news!,0.461496073
2/8/2023,Twitter,alice@example,Team meeting,0.964958043
16/8/2023,Twitter,carol_slack,Exciting news!,-0.875286373
19/8/2023,Email,@frank_chat,Hello everyone!,0.179850068
14/8/2023,Slack,@erin_tweets,Exciting news!,0.336964048
7/8/2023,Slack,@erin_tweets,Great work!,-0.643276188
1/8/2023,Twitter,@bob_tweets,Exciting news!,-0.452694423
11/8/2023,Twitter,@bob_tweets,Exciting news!,0.260118117
18/8/2023,Slack,@bob_tweets,Need assistance,-0.754348847
14/8/2023,Email,dave@example,Need assistance,-0.829999507
14/8/2023,Email,alice@example,Need assistance,0.043240849
1/8/2023,Slack,carol_slack,Fun weekend!,-0.8777054
12/8/2023,Twitter,@bob_tweets,Team meeting,0.265132846
4/8/2023,Slack,alice@example,Team meeting,-0.111247493
5/8/2023,Email,carol_slack,Fun weekend!,0.451752027
4/8/2023,Email,@frank_chat,Great work!,-0.317266905
8/8/2023,Twitter,alice@example,Hello everyone!,0.223401716
7/8/2023,Twitter,dave@example,Exciting news!,0.466239469
14/8/2023,Slack,dave@example,Hello everyone!,0.491653796
4/8/2023,Twitter,@bob_tweets,Fun weekend!,0.163814227
4/8/2023,Email,@erin_tweets,Fun weekend!,-0.41588532
18/8/2023,Slack,@erin_tweets,Exciting news!,-0.537696546
1/8/2023,Email,carol_slack,Need assistance,-0.13067456
10/8/2023,Slack,@bob_tweets,Need assistance,0.279333149
16/8/2023,Twitter,carol_slack,Need assistance,-0.375053814
18/8/2023,Email,carol_slack,Exciting news!,-0.978982675
14/8/2023,Email,@erin_tweets,Need assistance,-0.220039924
14/8/2023,Email,alice@example,Need assistance,0.041204039
20/8/2023,Twitter,@bob_tweets,Fun weekend!,0.236553716
8/8/2023,Email,alice@example,Great work!,0.222402995
19/8/2023,Email,alice@example,Great work!,0.301563812
17/8/2023,Email,dave@example,Hello everyone!,0.976894801
7/8/2023,Slack,carol_slack,Team meeting,0.190247875
7/8/2023,Twitter,carol_slack,Need assistance,0.895823483
1/8/2023,Slack,dave@example,Team meeting,0.093826082
17/8/2023,Slack,alice@example,Great work!,0.652192219
4/8/2023,Slack,carol_slack,Need assistance,0.088740259
8/8/2023,Slack,@bob_tweets,Hello everyone!,0.740663246
17/8/2023,Twitter,dave@example,Fun weekend!,0.775130778
11/8/2023,Twitter,dave@example,Fun weekend!,0.124404418
19/8/2023,Slack,@bob_tweets,Hello everyone!,0.487545231
18/8/2023,Twitter,dave@example,Need assistance,-0.613432584
17/8/2023,Email,@frank_chat,Great work!,-0.951084716
10/8/2023,Email,@erin_tweets,Exciting news!,0.679597112
12/8/2023,Email,alice@example,Team meeting,0.774573303
2/8/2023,Email,dave@example,Exciting news!,0.717076284
18/8/2023,Email,@frank_chat,Fun weekend!,0.061621126
14/8/2023,Slack,@frank_chat,Need assistance,-0.920249034
8/8/2023,Twitter,@frank_chat,Fun weekend!,0.484796492
18/8/2023,Twitter,dave@example,Exciting news!,-0.209318373
17/8/2023,Twitter,carol_slack,Need assistance,-0.806338225
12/8/2023,Email,@bob_tweets,Exciting news!,-0.597888714
4/8/2023,Email,alice@example,Exciting news!,0.30824763
4/8/2023,Twitter,@bob_tweets,Exciting news!,-0.122806889
17/8/2023,Twitter,@erin_tweets,Hello everyone!,0.299843722
10/8/2023,Twitter,@erin_tweets,Exciting news!,0.275836162
10/8/2023,Twitter,@frank_chat,Team meeting,-0.976236885
16/8/2023,Email,alice@example,Exciting news!,-0.858994203
12/8/2023,Slack,carol_slack,Fun weekend!,0.608656868
11/8/2023,Twitter,@frank_chat,Fun weekend!,-0.926554946
12/8/2023,Email,dave@example,Fun weekend!,0.043927317
15/8/2023,Twitter,dave@example,Great work!,0.435108419
18/8/2023,Slack,dave@example,Team meeting,-0.718652172
8/8/2023,Slack,@frank_chat,Need assistance,0.963640937
7/8/2023,Twitter,carol_slack,Great work!,0.805481421
16/8/2023,Email,@erin_tweets,Fun weekend!,-0.928850479
14/8/2023,Slack,dave@example,Exciting news!,-0.29869106
2/8/2023,Slack,alice@example,Fun weekend!,0.823352248
3/8/2023,Email,@erin_tweets,Great work!,-0.900102365
19/8/2023,Twitter,@frank_chat,Fun weekend!,-0.371842024
18/8/2023,Twitter,dave@example,Team meeting,-0.012694929
12/8/2023,Twitter,@erin_tweets,Team meeting,0.650313874
2/8/2023,Email,dave@example,Fun weekend!,-0.35726868
14/8/2023,Slack,@erin_tweets,Need assistance,0.141076977
15/8/2023,Twitter,@bob_tweets,Need assistance,0.373691486
11/8/2023,Slack,dave@example,Need assistance,0.930096855
18/8/2023,Slack,dave@example,Fun weekend!,-0.566594298
19/8/2023,Twitter,dave@example,Team meeting,-0.284638313
19/8/2023,Email,carol_slack,Fun weekend!,0.892766985
7/8/2023,Email,@bob_tweets,Team meeting,-0.150205611
5/8/2023,Email,@bob_tweets,Hello everyone!,0.616259416
10/8/2023,Email,@frank_chat,Great work!,0.533465849
2/8/2023,Twitter,dave@example,Great work!,0.516138048
18/8/2023,Twitter,@erin_tweets,Need assistance,0.116931847
15/8/2023,Slack,carol_slack,Need assistance,0.674294885
6/8/2023,Email,@frank_chat,Exciting news!,0.696377364
20/8/2023,Email,dave@example,Team meeting,0.985037738
10/8/2023,Slack,@erin_tweets,Need assistance,-0.904224418
11/8/2023,Email,alice@example,Exciting news!,-0.901918261
14/8/2023,Slack,@erin_tweets,Fun weekend!,-0.259928443
20/8/2023,Slack,carol_slack,Exciting news!,0.221250645
13/8/2023,Twitter,alice@example,Team meeting,0.892404643
6/8/2023,Slack,alice@example,Great work!,-0.545365768
12/8/2023,Email,@frank_chat,Need assistance,-0.10490064
20/8/2023,Twitter,dave@example,Fun weekend!,-0.81853825
20/8/2023,Twitter,@erin_tweets,Great work!,-0.349391197
2/8/2023,Email,dave@example,Exciting news!,-0.212464974
19/8/2023,Twitter,carol_slack,Team meeting,0.317846402
9/8/2023,Slack,alice@example,Fun weekend!,0.690391378
11/8/2023,Email,@bob_tweets,Hello everyone!,0.576369455
14/8/2023,Twitter,@erin_tweets,Need assistance,-0.543064435
9/8/2023,Slack,dave@example,Fun weekend!,0.229193896
16/8/2023,Twitter,dave@example,Fun weekend!,-0.286604216
5/8/2023,Twitter,@bob_tweets,Hello everyone!,-0.038818533
1/8/2023,Twitter,@frank_chat,Great work!,0.473425272
10/8/2023,Twitter,@bob_tweets,Fun weekend!,0.346377916
4/8/2023,Slack,@frank_chat,Need assistance,0.933738099
20/8/2023,Email,carol_slack,Great work!,0.680826971
20/8/2023,Slack,carol_slack,Great work!,-0.574539005
10/8/2023,Slack,dave@example,Exciting news!,-0.762122771
12/8/2023,Email,dave@example,Great work!,0.480317921
9/8/2023,Email,@erin_tweets,Team meeting,-0.956999032
7/8/2023,Slack,alice@example,Fun weekend!,0.397376804
4/8/2023,Email,@frank_chat,Great work!,0.26322598
6/8/2023,Email,@frank_chat,Fun weekend!,0.791513952
8/8/2023,Email,@frank_chat,Exciting news!,-0.05006812
7/8/2023,Twitter,carol_slack,Hello everyone!,-0.355751095
9/8/2023,Twitter,alice@example,Hello everyone!,0.184942272
14/8/2023,Twitter,@erin_tweets,Great work!,0.46859908
14/8/2023,Twitter,alice@example,Exciting news!,0.157755047
10/8/2023,Email,alice@example,Great work!,0.69303735
16/8/2023,Email,alice@example,Great work!,0.360768258
10/8/2023,Twitter,@frank_chat,Great work!,0.214199054
8/8/2023,Email,dave@example,Need assistance,-0.998774239
10/8/2023,Email,carol_slack,Team meeting,-0.970338997
8/8/2023,Twitter,carol_slack,Fun weekend!,0.232626481
11/8/2023,Slack,@bob_tweets,Exciting news!,-0.033773244
20/8/2023,Twitter,@frank_chat,Team meeting,-0.476500273
17/8/2023,Email,@erin_tweets,Team meeting,0.86382279
18/8/2023,Slack,@erin_tweets,Exciting news!,-0.7197127
13/8/2023,Twitter,@bob_tweets,Need assistance,0.408644735
11/8/2023,Twitter,carol_slack,Great work!,0.910158344
6/8/2023,Twitter,dave@example,Need assistance,-0.064178423
3/8/2023,Twitter,alice@example,Hello everyone!,-0.56719705
15/8/2023,Slack,dave@example,Hello everyone!,-0.510870771
13/8/2023,Email,@erin_tweets,Hello everyone!,-0.939573104
16/8/2023,Email,dave@example,Need assistance,-0.014521594
16/8/2023,Email,@frank_chat,Team meeting,-0.287118956
5/8/2023,Email,carol_slack,Need assistance,0.558824511
16/8/2023,Email,@frank_chat,Need assistance,0.343977793
15/8/2023,Email,dave@example,Hello everyone!,0.282330315
6/8/2023,Twitter,@bob_tweets,Hello everyone!,0.116596443
13/8/2023,Twitter,@frank_chat,Exciting news!,0.368110256
10/8/2023,Twitter,alice@example,Great work!,0.266619468
18/8/2023,Twitter,@bob_tweets,Exciting news!,0.290797958
20/8/2023,Twitter,@erin_tweets,Team meeting,0.34176397
13/8/2023,Twitter,@bob_tweets,Need assistance,-0.883181106
20/8/2023,Slack,alice@example,Hello everyone!,-0.863882122
4/8/2023,Twitter,dave@example,Fun weekend!,0.463157478
5/8/2023,Email,@frank_chat,Exciting news!,0.567230823
17/8/2023,Twitter,alice@example,Great work!,-0.641657173
8/8/2023,Email,@erin_tweets,Exciting news!,-0.847681918
5/8/2023,Email,@frank_chat,Team meeting,-0.094959955
8/8/2023,Twitter,@bob_tweets,Team meeting,-0.024243061
18/8/2023,Email,@erin_tweets,Need assistance,0.171319252
17/8/2023,Slack,carol_slack,Need assistance,-0.75047156
7/8/2023,Email,dave@example,Hello everyone!,-0.526591262
16/8/2023,Twitter,@erin_tweets,Hello everyone!,0.806540163
5/8/2023,Email,carol_slack,Need assistance,0.300882405
3/8/2023,Twitter,@erin_tweets,Fun weekend!,-0.345988781
2/8/2023,Email,alice@example,Great work!,-0.784876938
13/8/2023,Slack,carol_slack,Great work!,-0.947211589
9/8/2023,Email,@erin_tweets,Fun weekend!,0.513564137
4/8/2023,Email,@bob_tweets,Team meeting,-0.235653992
4/8/2023,Email,alice@example,Hello everyone!,0.161035733
16/8/2023,Email,@frank_chat,Fun weekend!,0.40250923
13/8/2023,Twitter,@frank_chat,Hello everyone!,-0.426096413
4/8/2023,Twitter,@bob_tweets,Hello everyone!,-0.774547359
16/8/2023,Twitter,@erin_tweets,Team meeting,-0.674190784
11/8/2023,Slack,@frank_chat,Need assistance,0.235724795
15/8/2023,Slack,@frank_chat,Hello everyone!,0.058449768
20/8/2023,Email,@frank_chat,Team meeting,-0.993759494
6/8/2023,Slack,dave@example,Team meeting,-0.536957865
5/8/2023,Twitter,dave@example,Team meeting,0.779166287
7/8/2023,Slack,alice@example,Team meeting,0.569526526
6/8/2023,Email,@erin_tweets,Need assistance,0.664381829
7/8/2023,Slack,dave@example,Need assistance,-0.71839542
9/8/2023,Twitter,@bob_tweets,Team meeting,0.526457346
6/8/2023,Email,@bob_tweets,Great work!,-0.400677142
17/8/2023,Twitter,@frank_chat,Team meeting,-0.232014328
15/8/2023,Twitter,alice@example,Exciting news!,0.153143482
1/8/2023,Twitter,@bob_tweets,Hello everyone!,-0.918783627
9/8/2023,Email,@bob_tweets,Fun weekend!,-0.375794835
5/8/2023,Twitter,dave@example,Fun weekend!,-0.021554315
10/8/2023,Slack,@erin_tweets,Need assistance,0.086844633
16/8/2023,Slack,dave@example,Need assistance,0.484403751
7/8/2023,Email,@bob_tweets,Team meeting,-0.423585835
7/8/2023,Email,dave@example,Exciting news!,-0.184577833
18/8/2023,Email,dave@example,Hello everyone!,0.978220029
17/8/2023,Twitter,@frank_chat,Fun weekend!,-0.624432764
15/8/2023,Twitter,carol_slack,Team meeting,0.498292263
13/8/2023,Twitter,carol_slack,Exciting news!,0.771407587
12/8/2023,Email,dave@example,Fun weekend!,0.650773503
19/8/2023,Twitter,alice@example,Need assistance,0.143810244
19/8/2023,Twitter,@erin_tweets,Team meeting,0.945942261
12/8/2023,Slack,dave@example,Exciting news!,0.56326856
17/8/2023,Email,dave@example,Fun weekend!,-0.173903828
7/8/2023,Email,@frank_chat,Team meeting,0.192018484
16/8/2023,Email,carol_slack,Hello everyone!,-0.029610693
8/8/2023,Email,alice@example,Exciting news!,0.723251828
7/8/2023,Email,@bob_tweets,Exciting news!,-0.616928389
1/8/2023,Twitter,@erin_tweets,Hello everyone!,0.524320859
7/8/2023,Email,dave@example,Great work!,-0.359934055
11/8/2023,Slack,@frank_chat,Great work!,0.431652104
4/8/2023,Twitter,carol_slack,Exciting news!,-0.615862965
11/8/2023,Email,@erin_tweets,Great work!,-0.049498704
19/8/2023,Twitter,alice@example,Fun weekend!,-0.111042333
3/8/2023,Email,carol_slack,Need assistance,0.247236022
9/8/2023,Email,@erin_tweets,Fun weekend!,0.237909144
19/8/2023,Email,@frank_chat,Team meeting,-0.943049938
8/8/2023,Email,@frank_chat,Great work!,0.362224979
14/8/2023,Slack,dave@example,Great work!,0.538406652
19/8/2023,Email,dave@example,Great work!,-0.336303487
12/8/2023,Slack,alice@example,Need assistance,0.454688824
11/8/2023,Slack,@frank_chat,Team meeting,-0.64231547
14/8/2023,Twitter,@bob_tweets,Exciting news!,0.754322437
10/8/2023,Slack,alice@example,Need assistance,-0.23631659
19/8/2023,Email,@erin_tweets,Fun weekend!,0.149510738
9/8/2023,Twitter,alice@example,Hello everyone!,0.762754925
14/8/2023,Twitter,@bob_tweets,Hello everyone!,0.250149151
8/8/2023,Email,@bob_tweets,Need assistance,-0.249764988
4/8/2023,Slack,@bob_tweets,Hello everyone!,-0.161284721
5/8/2023,Twitter,alice@example,Team meeting,0.082249742
13/8/2023,Twitter,@erin_tweets,Great work!,-0.956337988
15/8/2023,Email,@frank_chat,Great work!,0.1203768
8/8/2023,Twitter,@frank_chat,Fun weekend!,-0.673607849
15/8/2023,Slack,@erin_tweets,Team meeting,0.457860831
8/8/2023,Email,@erin_tweets,Need assistance,-0.775436828
10/8/2023,Slack,dave@example,Exciting news!,0.532747218
18/8/2023,Slack,@frank_chat,Team meeting,-0.134102609
20/8/2023,Twitter,alice@example,Fun weekend!,-0.436848105
18/8/2023,Email,alice@example,Need assistance,0.275121063
12/8/2023,Email,@erin_tweets,Need assistance,0.866607873
10/8/2023,Slack,@bob_tweets,Exciting news!,0.027252671
7/8/2023,Slack,dave@example,Exciting news!,-0.823877914
19/8/2023,Twitter,alice@example,Team meeting,-0.299451457
20/8/2023,Twitter,dave@example,Exciting news!,-0.542942689
4/8/2023,Slack,dave@example,Fun weekend!,0.796501584
20/8/2023,Slack,@bob_tweets,Team meeting,-0.118006961
4/8/2023,Email,@erin_tweets,Need assistance,-0.070094255
18/8/2023,Twitter,@bob_tweets,Fun weekend!,0.590919483
1/8/2023,Twitter,dave@example,Hello everyone!,0.530999278
17/8/2023,Twitter,alice@example,Hello everyone!,0.582868762
12/8/2023,Slack,carol_slack,Need assistance,-0.919222645
18/8/2023,Twitter,@frank_chat,Team meeting,0.818109252
10/8/2023,Email,@bob_tweets,Exciting news!,0.664575256
18/8/2023,Email,dave@example,Exciting news!,-0.768564025
20/8/2023,Slack,carol_slack,Great work!,-0.595158034
6/8/2023,Slack,alice@example,Need assistance,0.03704234
14/8/2023,Twitter,dave@example,Fun weekend!,-0.064443091
13/8/2023,Email,@erin_tweets,Fun weekend!,0.496487776
14/8/2023,Twitter,@frank_chat,Team meeting,0.499737595
17/8/2023,Twitter,alice@example,Hello everyone!,-0.605858998
3/8/2023,Email,@frank_chat,Hello everyone!,0.488557915
7/8/2023,Twitter,@frank_chat,Great work!,-0.823533585
15/8/2023,Twitter,@frank_chat,Hello everyone!,0.384222084
15/8/2023,Email,alice@example,Team meeting,0.176413531
10/8/2023,Email,@frank_chat,Hello everyone!,0.051583528
2/8/2023,Slack,alice@example,Fun weekend!,-0.485003887
1/8/2023,Slack,@erin_tweets,Team meeting,0.031597136
15/8/2023,Email,@frank_chat,Need assistance,-0.438784983
9/8/2023,Email,@bob_tweets,Hello everyone!,0.703965933
16/8/2023,Slack,dave@example,Fun weekend!,0.438361928
14/8/2023,Email,@bob_tweets,Hello everyone!,0.498191035
4/8/2023,Twitter,dave@example,Fun weekend!,-0.495438306
20/8/2023,Slack,@frank_chat,Great work!,0.606102686
7/8/2023,Email,@frank_chat,Hello everyone!,-0.143556185
2/8/2023,Twitter,carol_slack,Hello everyone!,0.450987421
5/8/2023,Slack,carol_slack,Great work!,0.470731148
7/8/2023,Email,dave@example,Fun weekend!,-0.735883705
15/8/2023,Slack,@frank_chat,Great work!,0.96037347
19/8/2023,Email,@bob_tweets,Team meeting,0.855612874
2/8/2023,Slack,@bob_tweets,Exciting news!,0.365244868
1/8/2023,Slack,@bob_tweets,Exciting news!,-0.02474394
1/8/2023,Email,@frank_chat,Fun weekend!,-0.797102704
7/8/2023,Twitter,alice@example,Team meeting,-0.365139902
15/8/2023,Email,alice@example,Need assistance,-0.264464825
8/8/2023,Slack,@erin_tweets,Need assistance,-0.461871512
18/8/2023,Twitter,carol_slack,Need assistance,-0.107154121
17/8/2023,Email,@frank_chat,Team meeting,-0.22924348
17/8/2023,Twitter,dave@example,Need assistance,-0.035525655
10/8/2023,Email,@bob_tweets,Team meeting,0.253805156
15/8/2023,Twitter,@frank_chat,Need assistance,0.344264537
12/8/2023,Twitter,@bob_tweets,Great work!,-0.405934577
13/8/2023,Twitter,@erin_tweets,Great work!,0.515643027
17/8/2023,Twitter,@erin_tweets,Hello everyone!,-0.606922586
2/8/2023,Twitter,carol_slack,Hello everyone!,0.173851238
10/8/2023,Slack,@frank_chat,Exciting news!,0.769946682
6/8/2023,Email,@erin_tweets,Hello everyone!,-0.172054263
4/8/2023,Email,carol_slack,Need assistance,0.188933107
6/8/2023,Email,dave@example,Hello everyone!,-0.987261285
3/8/2023,Twitter,alice@example,Need assistance,0.747163485
14/8/2023,Twitter,@frank_chat,Fun weekend!,-0.672147054
9/8/2023,Twitter,alice@example,Exciting news!,-0.792284821
12/8/2023,Email,alice@example,Exciting news!,0.063475272
13/8/2023,Twitter,alice@example,Great work!,-0.02614126
5/8/2023,Email,@erin_tweets,Great work!,0.830162693
15/8/2023,Email,carol_slack,Fun weekend!,-0.141636565
12/8/2023,Twitter,@erin_tweets,Fun weekend!,0.038330505
4/8/2023,Twitter,alice@example,Fun weekend!,-0.693275109
5/8/2023,Slack,@bob_tweets,Need assistance,0.29160513
19/8/2023,Twitter,dave@example,Need assistance,-0.115035673
2/8/2023,Twitter,carol_slack,Need assistance,0.215954025
8/8/2023,Email,alice@example,Great work!,-0.06892392
10/8/2023,Twitter,@frank_chat,Team meeting,-0.289186294
10/8/2023,Twitter,carol_slack,Exciting news!,0.030849482
15/8/2023,Twitter,dave@example,Fun weekend!,0.345517721
14/8/2023,Email,@bob_tweets,Need assistance,0.330107941
13/8/2023,Email,alice@example,Hello everyone!,0.042741961
6/8/2023,Slack,carol_slack,Exciting news!,-0.633368273
19/8/2023,Slack,@erin_tweets,Great work!,-0.725357866
3/8/2023,Slack,@erin_tweets,Team meeting,-0.812502595
8/8/2023,Twitter,@bob_tweets,Great work!,0.564973874
13/8/2023,Twitter,dave@example,Fun weekend!,-0.042934414
17/8/2023,Slack,carol_slack,Fun weekend!,0.169502832
12/8/2023,Email,alice@example,Great work!,0.383860287
6/8/2023,Slack,@bob_tweets,Fun weekend!,-0.895003283
6/8/2023,Twitter,dave@example,Fun weekend!,0.005671109
8/8/2023,Email,@frank_chat,Need assistance,-0.992002849
6/8/2023,Email,@erin_tweets,Hello everyone!,0.905330024
16/8/2023,Email,@frank_chat,Fun weekend!,-0.552409418
7/8/2023,Slack,@erin_tweets,Team meeting,-0.780283807
14/8/2023,Email,@erin_tweets,Fun weekend!,-0.835450725
8/8/2023,Twitter,alice@example,Great work!,-0.236779108
9/8/2023,Twitter,dave@example,Great work!,-0.495721815
1/8/2023,Twitter,carol_slack,Great work!,0.40689023
8/8/2023,Twitter,alice@example,Team meeting,0.870818266
14/8/2023,Email,dave@example,Fun weekend!,0.304697359
3/8/2023,Slack,@frank_chat,Exciting news!,0.591279314
15/8/2023,Slack,@frank_chat,Fun weekend!,0.816346027
14/8/2023,Email,@erin_tweets,Hello everyone!,-0.446434771
5/8/2023,Email,alice@example,Fun weekend!,0.347548683
18/8/2023,Slack,@bob_tweets,Fun weekend!,0.567603516
19/8/2023,Twitter,@frank_chat,Exciting news!,0.388266448
15/8/2023,Twitter,@bob_tweets,Team meeting,-0.144443278
1/8/2023,Email,@bob_tweets,Hello everyone!,0.902623749
13/8/2023,Twitter,@frank_chat,Team meeting,-0.877922161
6/8/2023,Slack,alice@example,Hello everyone!,0.710270591
9/8/2023,Email,@bob_tweets,Hello everyone!,-0.725457437
7/8/2023,Email,@bob_tweets,Team meeting,-0.232356975
5/8/2023,Twitter,dave@example,Great work!,0.245927144
2/8/2023,Twitter,@frank_chat,Need assistance,-0.115179492
8/8/2023,Slack,alice@example,Hello everyone!,-0.812013249
2/8/2023,Slack,carol_slack,Hello everyone!,0.805289558
10/8/2023,Email,@frank_chat,Team meeting,-0.320194449
14/8/2023,Slack,@bob_tweets,Hello everyone!,0.450289166
18/8/2023,Email,carol_slack,Exciting news!,-0.546088908
14/8/2023,Twitter,@bob_tweets,Great work!,-0.018533767
3/8/2023,Slack,carol_slack,Great work!,-0.777630202
4/8/2023,Email,@bob_tweets,Fun weekend!,0.419715998
11/8/2023,Twitter,@erin_tweets,Team meeting,-0.351081788
4/8/2023,Twitter,@erin_tweets,Hello everyone!,-0.217646003
10/8/2023,Slack,alice@example,Team meeting,0.425960287
11/8/2023,Slack,@frank_chat,Team meeting,-0.203160496
13/8/2023,Slack,alice@example,Need assistance,-0.100954488
13/8/2023,Slack,carol_slack,Need assistance,0.886342321
18/8/2023,Email,carol_slack,Need assistance,0.121493359
9/8/2023,Slack,carol_slack,Hello everyone!,0.902016178
2/8/2023,Twitter,alice@example,Need assistance,0.157653404
13/8/2023,Slack,alice@example,Team meeting,-0.493501368
9/8/2023,Email,dave@example,Team meeting,0.746085706
12/8/2023,Twitter,alice@example,Exciting news!,-0.487793705
6/8/2023,Email,carol_slack,Hello everyone!,0.076276061
8/8/2023,Twitter,alice@example,Fun weekend!,-0.32979055
10/8/2023,Twitter,@frank_chat,Exciting news!,-0.149807401
15/8/2023,Twitter,@erin_tweets,Need assistance,0.599532404
3/8/2023,Email,@frank_chat,Great work!,-0.022698464
5/8/2023,Email,@erin_tweets,Exciting news!,-0.283369262
16/8/2023,Slack,@frank_chat,Team meeting,-0.933677876
16/8/2023,Slack,@frank_chat,Hello everyone!,-0.87839917
11/8/2023,Slack,@bob_tweets,Great work!,0.041871845
7/8/2023,Slack,@bob_tweets,Great work!,-0.311243319
12/8/2023,Email,@frank_chat,Exciting news!,0.777389107
1/8/2023,Slack,@frank_chat,Hello everyone!,-0.572465386
9/8/2023,Email,@frank_chat,Fun weekend!,-0.37247328
12/8/2023,Twitter,dave@example,Need assistance,-0.713639749
12/8/2023,Slack,carol_slack,Great work!,0.874556832
17/8/2023,Slack,@frank_chat,Great work!,-0.700269639
13/8/2023,Email,@frank_chat,Need assistance,0.935812009
8/8/2023,Slack,carol_slack,Exciting news!,0.05511764
10/8/2023,Slack,@bob_tweets,Fun weekend!,0.957983019
9/8/2023,Slack,alice@example,Exciting news!,-0.539138246
5/8/2023,Twitter,alice@example,Exciting news!,0.722319741
15/8/2023,Twitter,@erin_tweets,Hello everyone!,0.768580468
14/8/2023,Slack,@frank_chat,Exciting news!,-0.054910814
5/8/2023,Twitter,dave@example,Great work!,0.544805384
2/8/2023,Twitter,carol_slack,Exciting news!,-0.693217811
18/8/2023,Slack,@bob_tweets,Hello everyone!,-0.164491392
8/8/2023,Email,@erin_tweets,Fun weekend!,0.378708432
12/8/2023,Email,@frank_chat,Need assistance,0.544408341
9/8/2023,Twitter,@bob_tweets,Exciting news!,0.605349668
16/8/2023,Twitter,alice@example,Exciting news!,0.696509592
13/8/2023,Twitter,@frank_chat,Hello everyone!,-0.694118693
8/8/2023,Email,@erin_tweets,Fun weekend!,0.73412526
3/8/2023,Email,@frank_chat,Great work!,-0.222633559
14/8/2023,Email,alice@example,Great work!,-0.111933967
6/8/2023,Email,@bob_tweets,Great work!,-0.417041691
12/8/2023,Email,dave@example,Great work!,-0.841218561
3/8/2023,Slack,@erin_tweets,Need assistance,-0.173975688
12/8/2023,Email,@frank_chat,Fun weekend!,-0.102208237
15/8/2023,Email,dave@example,Need assistance,0.773382573
14/8/2023,Slack,@erin_tweets,Hello everyone!,0.605556316
20/8/2023,Email,alice@example,Fun weekend!,0.85167942
7/8/2023,Email,@bob_tweets,Exciting news!,0.244900235
10/8/2023,Twitter,dave@example,Great work!,-0.505026447
13/8/2023,Slack,@erin_tweets,Need assistance,-0.544543609
12/8/2023,Slack,@bob_tweets,Fun weekend!,0.990166281
20/8/2023,Email,@frank_chat,Team meeting,0.560076173
9/8/2023,Slack,carol_slack,Hello everyone!,-0.289897254
3/8/2023,Email,alice@example,Hello everyone!,0.713812393
8/8/2023,Twitter,@erin_tweets,Fun weekend!,0.191519982
13/8/2023,Slack,carol_slack,Great work!,0.460303653
10/8/2023,Slack,@erin_tweets,Need assistance,0.037588875
5/8/2023,Twitter,carol_slack,Hello everyone!,0.1307421
15/8/2023,Email,@bob_tweets,Team meeting,-0.801572199
14/8/2023,Slack,@erin_tweets,Exciting news!,-0.736287751
18/8/2023,Slack,@bob_tweets,Team meeting,0.403409261
7/8/2023,Slack,alice@example,Great work!,0.580541194
13/8/2023,Email,dave@example,Great work!,0.550955762
11/8/2023,Twitter,@frank_chat,Team meeting,-0.30356425
14/8/2023,Email,carol_slack,Exciting news!,0.596924395
2/8/2023,Twitter,@bob_tweets,Need assistance,-0.281915764
19/8/2023,Twitter,carol_slack,Team meeting,0.578111817
14/8/2023,Twitter,dave@example,Need assistance,-0.273263505
13/8/2023,Email,@frank_chat,Great work!,-0.69328958
18/8/2023,Slack,@erin_tweets,Hello everyone!,-0.395961934
15/8/2023,Twitter,@erin_tweets,Need assistance,0.78774133
1/8/2023,Twitter,@frank_chat,Need assistance,-0.970480603
3/8/2023,Slack,alice@example,Fun weekend!,0.542070733
7/8/2023,Slack,@bob_tweets,Need assistance,0.251102221
1/8/2023,Slack,@frank_chat,Team meeting,-0.113114946
8/8/2023,Email,alice@example,Hello everyone!,-0.666331347
1/8/2023,Email,@bob_tweets,Team meeting,0.783531986
5/8/2023,Slack,dave@example,Great work!,0.01816956
2/8/2023,Email,@frank_chat,Fun weekend!,0.129630754
8/8/2023,Slack,@erin_tweets,Team meeting,0.849549761
11/8/2023,Twitter,carol_slack,Great work!,0.782265475
12/8/2023,Email,alice@example,Exciting news!,-0.99586155
11/8/2023,Slack,@bob_tweets,Great work!,-0.549234209
3/8/2023,Email,@frank_chat,Fun weekend!,0.992682932
8/8/2023,Twitter,carol_slack,Exciting news!,0.614791796
1/8/2023,Twitter,@erin_tweets,Hello everyone!,-0.325806037
10/8/2023,Slack,@bob_tweets,Exciting news!,-0.873230109
12/8/2023,Email,alice@example,Team meeting,0.255163795
16/8/2023,Email,carol_slack,Hello everyone!,-0.851052538
10/8/2023,Twitter,@erin_tweets,Great work!,0.181200765
9/8/2023,Email,@frank_chat,Hello everyone!,-0.633588556
1/8/2023,Twitter,@frank_chat,Great work!,0.159243134
15/8/2023,Slack,dave@example,Great work!,-0.481857921
19/8/2023,Twitter,alice@example,Hello everyone!,-0.378329881
4/8/2023,Twitter,@frank_chat,Exciting news!,0.795437461
16/8/2023,Twitter,@bob_tweets,Great work!,-0.674055766
7/8/2023,Slack,dave@example,Hello everyone!,0.747580624
14/8/2023,Twitter,carol_slack,Need assistance,0.73902519
15/8/2023,Slack,@frank_chat,Hello everyone!,-0.508614742
14/8/2023,Twitter,@bob_tweets,Exciting news!,0.671785708
10/8/2023,Slack,alice@example,Need assistance,-0.917325706
9/8/2023,Twitter,@erin_tweets,Need assistance,-0.600080754
11/8/2023,Email,@bob_tweets,Great work!,-0.539260621
2/8/2023,Slack,carol_slack,Great work!,0.066785066
15/8/2023,Twitter,carol_slack,Team meeting,-0.074092148
6/8/2023,Twitter,@bob_tweets,Exciting news!,0.979591473
7/8/2023,Slack,@bob_tweets,Need assistance,-0.846264025
15/8/2023,Slack,@erin_tweets,Hello everyone!,-0.562214842
15/8/2023,Email,@frank_chat,Fun weekend!,0.535877908
13/8/2023,Slack,dave@example,Hello everyone!,-0.945477226
12/8/2023,Twitter,@erin_tweets,Need assistance,-0.329706852
19/8/2023,Twitter,@bob_tweets,Hello everyone!,0.42057117
19/8/2023,Twitter,@frank_chat,Exciting news!,0.221380584
6/8/2023,Twitter,carol_slack,Fun weekend!,0.394200163
11/8/2023,Slack,carol_slack,Team meeting,0.921573296
12/8/2023,Slack,carol_slack,Team meeting,0.504667453
13/8/2023,Slack,alice@example,Team meeting,-0.927027794
14/8/2023,Email,@bob_tweets,Team meeting,-0.996662613
9/8/2023,Slack,@erin_tweets,Fun weekend!,0.525517232
17/8/2023,Slack,alice@example,Great work!,-0.853163924
9/8/2023,Slack,carol_slack,Hello everyone!,0.346090994
6/8/2023,Slack,@erin_tweets,Exciting news!,0.063273371
19/8/2023,Slack,@frank_chat,Team meeting,-0.887928675
17/8/2023,Twitter,@frank_chat,Team meeting,-0.608078998
10/8/2023,Email,@erin_tweets,Hello everyone!,0.063933458
12/8/2023,Twitter,@bob_tweets,Fun weekend!,0.226440192
18/8/2023,Slack,alice@example,Great work!,-0.114574431
17/8/2023,Twitter,carol_slack,Need assistance,-0.065970336
10/8/2023,Slack,@frank_chat,Hello everyone!,0.672468295
12/8/2023,Email,alice@example,Exciting news!,-0.616592484
4/8/2023,Slack,@frank_chat,Need assistance,0.165087673
13/8/2023,Email,@bob_tweets,Exciting news!,0.553149406
4/8/2023,Email,@bob_tweets,Fun weekend!,-0.953222217
9/8/2023,Email,alice@example,Fun weekend!,0.893210486
11/8/2023,Twitter,alice@example,Hello everyone!,-0.120084892
8/8/2023,Slack,@erin_tweets,Hello everyone!,-0.568787924
11/8/2023,Email,alice@example,Team meeting,-0.641849058
18/8/2023,Twitter,alice@example,Fun weekend!,0.977650215
16/8/2023,Slack,@frank_chat,Fun weekend!,0.269629325
6/8/2023,Slack,carol_slack,Need assistance,0.572155187
4/8/2023,Slack,@frank_chat,Fun weekend!,-0.530567507
14/8/2023,Twitter,dave@example,Fun weekend!,-0.998980226
9/8/2023,Twitter,@frank_chat,Hello everyone!,0.64936659
12/8/2023,Email,carol_slack,Team meeting,-0.492082868
3/8/2023,Slack,alice@example,Need assistance,0.13593953
7/8/2023,Slack,dave@example,Hello everyone!,0.593321668
18/8/2023,Twitter,dave@example,Great work!,-0.160749977
20/8/2023,Slack,carol_slack,Fun weekend!,0.231915887
3/8/2023,Email,alice@example,Fun weekend!,0.312383833
14/8/2023,Slack,@bob_tweets,Team meeting,-0.709024122
18/8/2023,Twitter,@bob_tweets,Fun weekend!,0.866654206
3/8/2023,Email,alice@example,Hello everyone!,-0.440484574
12/8/2023,Twitter,carol_slack,Team meeting,0.704733795
10/8/2023,Twitter,carol_slack,Great work!,0.268422757
18/8/2023,Slack,@bob_tweets,Fun weekend!,-0.898072343
19/8/2023,Email,@frank_chat,Great work!,0.463513046
3/8/2023,Email,carol_slack,Need assistance,-0.161143415
19/8/2023,Email,alice@example,Hello everyone!,-0.04083855
11/8/2023,Slack,@frank_chat,Fun weekend!,0.312006338
20/8/2023,Slack,@bob_tweets,Hello everyone!,0.520647362
5/8/2023,Twitter,@bob_tweets,Exciting news!,-0.798021044
14/8/2023,Twitter,alice@example,Great work!,-0.652119522
10/8/2023,Email,@bob_tweets,Exciting news!,-0.286527871
10/8/2023,Twitter,@erin_tweets,Great work!,0.282790715
7/8/2023,Twitter,@erin_tweets,Great work!,-0.597466531
3/8/2023,Slack,@frank_chat,Hello everyone!,0.368215033
8/8/2023,Slack,@erin_tweets,Need assistance,0.59330241
16/8/2023,Slack,@erin_tweets,Exciting news!,-0.113282133
12/8/2023,Email,carol_slack,Need assistance,0.937844194
10/8/2023,Email,@frank_chat,Fun weekend!,-0.520876877
19/8/2023,Email,@erin_tweets,Great work!,0.570171806
19/8/2023,Email,dave@example,Team meeting,-0.528815492
5/8/2023,Email,@bob_tweets,Hello everyone!,0.725036937
5/8/2023,Twitter,carol_slack,Hello everyone!,-0.279889458
12/8/2023,Twitter,carol_slack,Fun weekend!,-0.45548739
3/8/2023,Twitter,@bob_tweets,Hello everyone!,0.401231622
19/8/2023,Twitter,@erin_tweets,Exciting news!,0.638825124
5/8/2023,Email,alice@example,Hello everyone!,-0.822144668
7/8/2023,Slack,@bob_tweets,Hello everyone!,-0.160779689
14/8/2023,Twitter,@bob_tweets,Fun weekend!,0.56761402
11/8/2023,Twitter,@erin_tweets,Need assistance,-0.10277886
4/8/2023,Twitter,@bob_tweets,Exciting news!,0.053784013
7/8/2023,Slack,@bob_tweets,Fun weekend!,-0.51101361
10/8/2023,Twitter,dave@example,Team meeting,-0.87979992
6/8/2023,Slack,@erin_tweets,Great work!,-0.387922954
10/8/2023,Slack,dave@example,Exciting news!,-0.750027833
1/8/2023,Slack,@bob_tweets,Need assistance,-0.614020258
17/8/2023,Email,@frank_chat,Exciting news!,-0.77080509
15/8/2023,Twitter,carol_slack,Hello everyone!,-0.638266036
16/8/2023,Twitter,dave@example,Team meeting,0.796688539
13/8/2023,Slack,carol_slack,Hello everyone!,-0.416070993
3/8/2023,Slack,@bob_tweets,Great work!,0.884830707
14/8/2023,Twitter,alice@example,Great work!,-0.232635738
1/8/2023,Twitter,@erin_tweets,Exciting news!,0.42358186
5/8/2023,Email,alice@example,Need assistance,0.694902051
14/8/2023,Slack,alice@example,Hello everyone!,-0.79866046
7/8/2023,Twitter,@bob_tweets,Great work!,-0.389785778
12/8/2023,Email,alice@example,Need assistance,0.120129855
14/8/2023,Slack,alice@example,Hello everyone!,-0.691606675
7/8/2023,Slack,@bob_tweets,Great work!,0.872962321
5/8/2023,Twitter,@erin_tweets,Fun weekend!,0.619198539
1/8/2023,Email,carol_slack,Great work!,0.605523043
14/8/2023,Email,dave@example,Hello everyone!,-0.359136123
16/8/2023,Email,@bob_tweets,Great work!,-0.351176404
8/8/2023,Twitter,dave@example,Need assistance,0.911442756
13/8/2023,Email,alice@example,Need assistance,0.596431601
1/8/2023,Twitter,carol_slack,Great work!,-0.311684015
9/8/2023,Email,@frank_chat,Fun weekend!,-0.789119672
19/8/2023,Slack,@frank_chat,Team meeting,-0.472906698
19/8/2023,Slack,dave@example,Team meeting,-0.789976987
6/8/2023,Slack,@bob_tweets,Need assistance,0.743181323
1/8/2023,Email,@frank_chat,Team meeting,-0.307752223
1/8/2023,Email,dave@example,Great work!,-0.948017055
5/8/2023,Email,@frank_chat,Team meeting,0.611721705
6/8/2023,Email,@erin_tweets,Hello everyone!,-0.318016798
11/8/2023,Slack,@erin_tweets,Team meeting,-0.893834382
20/8/2023,Email,carol_slack,Team meeting,0.082343857
3/8/2023,Slack,@erin_tweets,Need assistance,-0.600851388
18/8/2023,Slack,@bob_tweets,Team meeting,0.19228477
10/8/2023,Email,dave@example,Need assistance,0.834841503
17/8/2023,Twitter,@bob_tweets,Great work!,0.401612313
8/8/2023,Slack,@erin_tweets,Team meeting,0.068864945
20/8/2023,Twitter,@frank_chat,Exciting news!,0.307898677
7/8/2023,Twitter,@bob_tweets,Great work!,-0.548428072
15/8/2023,Slack,alice@example,Need assistance,0.899728119
8/8/2023,Email,carol_slack,Great work!,0.710615378
14/8/2023,Email,@erin_tweets,Fun weekend!,0.035476264
1/8/2023,Twitter,@frank_chat,Need assistance,-0.003094339
10/8/2023,Twitter,@frank_chat,Fun weekend!,-0.528116655
20/8/2023,Twitter,dave@example,Great work!,-0.124954135
10/8/2023,Slack,@frank_chat,Need assistance,0.626154714
2/8/2023,Slack,carol_slack,Fun weekend!,0.045978463
9/8/2023,Email,dave@example,Fun weekend!,0.698494015
10/8/2023,Slack,@frank_chat,Need assistance,-0.198273231
13/8/2023,Email,@bob_tweets,Hello everyone!,0.264306294
5/8/2023,Slack,@erin_tweets,Fun weekend!,-0.240693055
20/8/2023,Email,dave@example,Team meeting,-0.075425136
15/8/2023,Twitter,alice@example,Great work!,0.798867194
18/8/2023,Slack,alice@example,Fun weekend!,-0.088887415
12/8/2023,Twitter,@erin_tweets,Need assistance,0.298994374
17/8/2023,Twitter,alice@example,Exciting news!,0.968932204
10/8/2023,Slack,dave@example,Great work!,0.746216161
10/8/2023,Slack,alice@example,Team meeting,-0.939407335
2/8/2023,Slack,@bob_tweets,Great work!,-0.666475324
10/8/2023,Twitter,carol_slack,Need assistance,0.809991531
9/8/2023,Slack,dave@example,Need assistance,0.662048494
18/8/2023,Twitter,alice@example,Hello everyone!,-0.936083395
1/8/2023,Email,carol_slack,Great work!,-0.389590032
11/8/2023,Email,carol_slack,Fun weekend!,0.35594151
3/8/2023,Slack,@erin_tweets,Need assistance,0.896539724
20/8/2023,Email,alice@example,Hello everyone!,-0.555095884
17/8/2023,Email,dave@example,Team meeting,-0.047711935
13/8/2023,Twitter,dave@example,Exciting news!,-0.618614707
13/8/2023,Twitter,carol_slack,Fun weekend!,-0.412842807
4/8/2023,Email,@bob_tweets,Great work!,-0.251496902
16/8/2023,Email,@bob_tweets,Need assistance,-0.459899545
17/8/2023,Twitter,carol_slack,Need assistance,-0.101536875
6/8/2023,Twitter,carol_slack,Exciting news!,-0.329569053
1/8/2023,Slack,alice@example,Exciting news!,0.350437745
8/8/2023,Email,alice@example,Exciting news!,0.529548995
13/8/2023,Twitter,alice@example,Great work!,-0.806566573
6/8/2023,Slack,carol_slack,Exciting news!,-0.249575844
8/8/2023,Email,@erin_tweets,Hello everyone!,-0.064463819
20/8/2023,Slack,@erin_tweets,Hello everyone!,-0.357717138
1/8/2023,Twitter,@frank_chat,Need assistance,-0.696885624
2/8/2023,Slack,dave@example,Exciting news!,-0.662697271
11/8/2023,Email,dave@example,Need assistance,0.060486035
11/8/2023,Slack,@erin_tweets,Great work!,-0.704862314
5/8/2023,Slack,@frank_chat,Need assistance,-0.129298556
7/8/2023,Email,@bob_tweets,Fun weekend!,0.079245736
20/8/2023,Twitter,carol_slack,Hello everyone!,0.640248996
1/8/2023,Slack,dave@example,Need assistance,-0.988749139
9/8/2023,Email,@erin_tweets,Need assistance,0.953375103
12/8/2023,Slack,carol_slack,Need assistance,-0.044029484
19/8/2023,Slack,alice@example,Exciting news!,0.502961815
17/8/2023,Twitter,carol_slack,Exciting news!,-0.237763272
11/8/2023,Twitter,@frank_chat,Hello everyone!,0.807257727
17/8/2023,Twitter,@erin_tweets,Team meeting,-0.66637877
6/8/2023,Email,dave@example,Need assistance,0.492307736
10/8/2023,Email,@frank_chat,Exciting news!,-0.010767524
18/8/2023,Email,@bob_tweets,Need assistance,0.45362723
7/8/2023,Slack,carol_slack,Great work!,0.937586371
9/8/2023,Email,@frank_chat,Team meeting,-0.712716471
18/8/2023,Twitter,@bob_tweets,Great work!,-0.83958362
6/8/2023,Twitter,dave@example,Team meeting,0.165403601
2/8/2023,Slack,@erin_tweets,Great work!,-0.887057793
17/8/2023,Email,@frank_chat,Need assistance,-0.837423526
8/8/2023,Email,@frank_chat,Team meeting,0.778342899
20/8/2023,Twitter,@erin_tweets,Exciting news!,0.131818828
2/8/2023,Twitter,@erin_tweets,Need assistance,0.821079701
8/8/2023,Slack,@erin_tweets,Exciting news!,0.085280708
1/8/2023,Email,@erin_tweets,Fun weekend!,0.203746784
12/8/2023,Twitter,dave@example,Great work!,-0.462906254
19/8/2023,Twitter,alice@example,Hello everyone!,0.857508211
12/8/2023,Twitter,alice@example,Team meeting,0.582250814
7/8/2023,Slack,@bob_tweets,Great work!,0.170066014
8/8/2023,Twitter,alice@example,Great work!,0.552484959
14/8/2023,Email,@erin_tweets,Great work!,-0.129584252
13/8/2023,Email,@erin_tweets,Fun weekend!,0.418006041
18/8/2023,Email,alice@example,Team meeting,-0.37754155
10/8/2023,Twitter,dave@example,Fun weekend!,-0.363247766
3/8/2023,Slack,@bob_tweets,Need assistance,0.496275815
8/8/2023,Twitter,@bob_tweets,Need assistance,-0.716619523
5/8/2023,Email,@bob_tweets,Team meeting,0.24323359
17/8/2023,Slack,@erin_tweets,Hello everyone!,0.937329018
3/8/2023,Slack,dave@example,Great work!,0.675534202
7/8/2023,Slack,alice@example,Fun weekend!,0.844455994
18/8/2023,Slack,@frank_chat,Great work!,-0.071027102
12/8/2023,Slack,@erin_tweets,Hello everyone!,-0.360894154
10/8/2023,Email,@bob_tweets,Need assistance,-0.316063035
14/8/2023,Slack,dave@example,Exciting news!,-0.531753783
4/8/2023,Twitter,dave@example,Team meeting,-0.785379849
5/8/2023,Twitter,@frank_chat,Hello everyone!,0.599585856
12/8/2023,Twitter,alice@example,Exciting news!,0.874988238
7/8/2023,Slack,carol_slack,Exciting news!,0.186763622
8/8/2023,Slack,@erin_tweets,Fun weekend!,0.172925062
3/8/2023,Email,@frank_chat,Hello everyone!,0.583445542
